{
    "current_date": "2025-07-04",
    "next_taskId": 16,
    "tasks": [
        {
            "completed": true,
            "content": "",
            "id": 5,
            "needs_review": false,
            "priority": 0,
            "time_point": 1751576070000,
            "title": "asda"
        },
        {
            "completed": false,
            "content": "sadasddsss",
            "id": 15,
            "needs_review": true,
            "priority": 1,
            "time_point": 1751577940000,
            "title": "test"
        }
    ]
}